scene	status	reason	pair_cost	ns_filtered_index	pc_filtered_index	ns_file	ns_length_offset	ns_text_offset	ns_source	ns_kind	pc_file	pc_string_index	pc_translation	pc_kind
1020	high-candidate	type+length+bidirectional-continuity	0.1233	0	0	Script/scr1020.binu8	84973	84977	あえかな朝の光が、ようやく庭園の薔薇たちに届いた。	N	1020.gsc	0	朦胧的晨曦终于照亮了庭院中的蔷薇。	N
1020	high-candidate	type+length+bidirectional-continuity	0.0212	1	1	Script/scr1020.binu8	85053	85057	花弁は朝露をまとって絹のような光沢を帯び、ほとんど完璧な@r均衡@きんこう@で開いている。その周辺を、艶やかな深緑の@r鋸葉@のこば@が飾る。	N	1020.gsc	1	花瓣身披朝露，闪烁着如丝绸般的光泽，盛放的姿态近乎完美的对称。艳丽的深绿锯叶装饰着周围。	N
1020	high-candidate	type+length+bidirectional-continuity	0.0392	2	2	Script/scr1020.binu8	85255	85259	ひとつひとつの花は華やかだが、どこか@r黙祷@もくとう@めいた@r厳粛@げんしゅく@さが漂うのは、あまりに整然と並んだ光景が葬列を想起させるからだろうか。	N	1020.gsc	2	一朵朵鲜花虽皆华艳，但总感觉有股默哀般的肃穆感，是因为它们整然并列的光景让人联想到送葬的行列吗。	N
1020	high-candidate	type+length+bidirectional-continuity	0.0430	3	3	Script/scr1020.binu8	85475	85479	それとも、そよとも吹かない風のせいで、葉擦れの音すらも届かないからだろうか。	N	1020.gsc	3	亦或者，是不曾拂过的微风作祟，让落叶飘零声都无法传达吗。	N
1020	high-candidate	type+length+bidirectional-continuity	0.1990	4	4	Script/scr1020.binu8	85594	85598	@r喩@たと@えようもない濃密な香気だけが、言葉のかわりのように、早朝の澄みきった大気を染めかえている。	N	1020.gsc	4	只有难以言喻的浓密香气，替代了言语，浸染了清晨纯澈的空气。	N
1020	high-candidate	type+length+bidirectional-continuity	0.1424	5	5	Script/scr1020.binu8	85772	85776	@vv20101「…………」	D	1020.gsc	6	「…………」	D
1020	high-candidate	type+length+bidirectional-continuity	0.2179	6	6	Script/scr1020.binu8	85803	85807	重厚な色彩の中に、不意に蜂蜜色の輝きが現れた。	N	1020.gsc	7	在厚重的色彩中，忽然出现了一抹蜂蜜色的光辉。	N
1020	high-candidate	type+length+bidirectional-continuity	0.0505	7	7	Script/scr1020.binu8	85877	85881	緩い@r螺旋@らせん@を描く、豊かな髪だ。それはまだ淡い朝の光を昂然と弾きながら、少女の優雅な所作にあわせて複雑にうねり、肢体を飾ってまとわりつく。	N	1020.gsc	8	那是一头蓬松浓密的螺旋长发。淡淡晨光跃然其上，随少女傲然而又优雅的举止繁复地波动，缠饰着她的身躯。	N
1020	high-candidate	type+length+bidirectional-continuity	0.1005	8	8	Script/scr1020.binu8	86096	86100	少女は、薔薇の葬列を見渡しながら、数段に渡って@r設@しつら@えられた花壇の頂点を目指して歩を進めている。	N	1020.gsc	9	少女一边环视着蔷薇的葬列，一边朝着设置在数层之上的花坛顶点迈步。	N
1020	high-candidate	type+length+bidirectional-continuity	0.0253	9	9	Script/scr1020.binu8	86252	86256	その華麗な姿は、未だ薄暗い庭園に、光を灯してまわっているようにも見えた。	N	1020.gsc	10	那华丽的身姿鲜明耀眼，仍有些昏暗的庭院都似乎被其照亮。	N
1020	high-candidate	type+length+bidirectional-continuity	0.1424	10	10	Script/scr1020.binu8	86385	86389	@vv90101「見て、アヴェルラ様よ」	D	1020.gsc	12	「快看，是阿薇拉小姐哦」	D
1020	high-candidate	type+length+bidirectional-continuity	0.0654	11	11	Script/scr1020.binu8	86454	86458	@vv91101「いつ見てもお美しいわね。どこにいたって絵のようだわ」	D	1020.gsc	14	「无论什么时候看都很美。不管身在何处都像画一般啊」	D
1020	high-candidate	type+length+bidirectional-continuity	0.2683	12	12	Script/scr1020.binu8	86548	86552	花壇のふもとを通りかかった生徒たちが、少女──アヴェルラの姿を認めると、ため息混じりに囁きを交わした。	N	1020.gsc	15	经过花坛脚下的学生们认出了阿薇拉的身姿，交头接耳地感叹起来。	N
1020	high-candidate	type+length+bidirectional-continuity	0.0825	13	13	Script/scr1020.binu8	86706	86710	惹かれてはいるが、近づきがたい。生徒たちの足は、そんな意思を宿して、舗装路に縫い止められている。	N	1020.gsc	16	被其吸引，却难以接近。学生们的步伐寄宿着这般的意志，驻足在柏油路上。	N
1020	high-candidate	type+length+bidirectional-continuity	0.0399	14	14	Script/scr1020.binu8	86855	86859	アヴェルラはまさに、美しい薔薇のような存在だ。	N	1020.gsc	17	阿薇拉，正是犹如蔷薇般美丽的存在。	N
1020	high-candidate	type+length+bidirectional-continuity	0.0535	15	15	Script/scr1020.binu8	86929	86933	眺めている分には美しいが、いざ手を伸ばしたら──と考えると、棘の刺さる痛みを予感して身がすくむ。	N	1020.gsc	18	远观欣赏的话自然美丽，但若想亵玩──仅是被刺痛的预感就会让人不寒而栗。	N
1020	high-candidate	type+length+bidirectional-continuity	0.0000	16	16	Script/scr1020.binu8	87078	87082	@vv90102「やっぱり、エヴァーメイデンに選ばれるのはきっとあの方よ」	D	1020.gsc	20	「果然，能被选中为|永恒少女[Ｅｖｅｒ　Ｍａｉｄｅｎ]的人一定是她吧」	D
1020	high-candidate	type+length+bidirectional-continuity	0.1285	17	17	Script/scr1020.binu8	87178	87182	@vv91102「ええ、間違いないでしょうね」	D	1020.gsc	22	「嗯，肯定没错的」	D
1020	high-candidate	type+length+bidirectional-continuity	0.0800	18	18	Script/scr1020.binu8	87236	87240	@r安@・@@r全@・@な立ち位置から憧憬のまなざしを送りながら、ふたりの生徒がうっとりと会話を交わす。	N	1020.gsc	23	两名学生一边在|安全[··]的位置投去憧憬的目光，一边交谈着彼此对阿薇拉的倾慕。	N
1020	high-candidate	type+length+bidirectional-continuity	0.1315	19	19	Script/scr1020.binu8	87381	87385	その@r傍@かたわ@らでは、もうひとりの生徒が青白い顔をして、痛みに備えるように拳を握りしめていた。	N	1020.gsc	24	在她们旁边，另一名学生脸色苍白，像要防备疼痛一般紧紧握拳。	N
1020	high-candidate	type+length+bidirectional-continuity	0.0000	20	20	Script/scr1020.binu8	87548	87552	@vv93101「ああ、どうしよう。アヴェルラ様、さっきからずっと私の薔薇の前にいらっしゃるの」	D	1020.gsc	26	「啊啊，怎么办。阿薇拉小姐从刚才开始就一直站在我的蔷薇前」	D
1020	high-candidate	type+length+bidirectional-continuity	0.2601	21	21	Script/scr1020.binu8	87681	87685	@vv90103「あら。お眼鏡に適うといいわね」	D	1020.gsc	28	「啊啦。要是能受到她的赏识就好了呢」	D
1020	high-candidate	type+length+bidirectional-continuity	0.0000	22	22	Script/scr1020.binu8	87742	87746	@vv91103「どうかしら。なかなかに難しいお顔のようにも見えるけど」	D	1020.gsc	30	「会是怎样呢。看她的表情好像不是很开心的样子」	D
1020	high-candidate	type+length+bidirectional-continuity	0.0471	23	23	Script/scr1020.binu8	87850	87854	@vv93102「……アヴェルラ様！」	D	1020.gsc	32	「……阿薇拉小姐！」	D
1020	high-candidate	type+length+bidirectional-continuity	0.0331	24	24	Script/scr1020.binu8	87896	87900	友人たちの気楽な囁きの渦から、顔をこわばらせた生徒が進み出て、アヴェルラに声をかけた。	N	1020.gsc	33	在朋友们轻松的窃窃私语中，脸色僵硬的学生走上前来，向阿薇拉搭话。	N
1020	high-candidate	type+length+bidirectional-continuity	0.0639	25	25	Script/scr1020.binu8	88030	88034	決意に溢れた足取りだったが、アヴェルラの真紅の瞳に出会った瞬間、歩き方を忘れたように止まってしまう。	N	1020.gsc	34	虽然步伐彰显着决心，但一与阿薇拉的赤红双眸对视，就如忘记了走路方法一样止步不前了。	N
1020	high-candidate	type+length+bidirectional-continuity	0.0088	26	26	Script/scr1020.binu8	88205	88209	@vv20102「……おはよう」	D	1020.gsc	36	「……早上好」	D
1020	high-candidate	type+length+bidirectional-continuity	0.0876	27	27	Script/scr1020.binu8	88242	88246	@vv93103「お……おはようございます……」	D	1020.gsc	38	「早……早上好……」	D
1020	high-candidate	type+length+bidirectional-continuity	0.1193	28	28	Script/scr1020.binu8	88303	88307	かすれた声で返しながら、生徒は力の抜けた足をぐっと踏み直す。	N	1020.gsc	39	那名学生一边用沙哑的声音回答着，一边迈出千斤重的脚。	N
1020	high-candidate	type+length+bidirectional-continuity	0.0000	29	29	Script/scr1020.binu8	88398	88402	@vv93104「あの……アヴェルラ様。その薔薇に、なにかお気に召さない点でもありましたでしょうか？」	D	1020.gsc	41	「那个……阿薇拉小姐。您对那朵蔷薇，有什么不满意的地方吗？」	D
1020	high-candidate	type+length+bidirectional-continuity	0.3108	30	30	Script/scr1020.binu8	88540	88544	@vv20103「これはあなたが咲かせたもの？」	D	1020.gsc	43	「这是你的花？」	D
1020	high-candidate	type+length+bidirectional-continuity	0.1424	31	31	Script/scr1020.binu8	88601	88605	@vv93105「は、はい」	D	1020.gsc	45	「是、是的」	D
1020	high-candidate	type+length+bidirectional-continuity	0.2965	32	32	Script/scr1020.binu8	88632	88636	@vv20104「そう……」	D	1020.gsc	47	「这样啊……」	D
1020	high-candidate	type+length+bidirectional-continuity	0.0081	33	33	Script/scr1020.binu8	88681	88685	アヴェルラはふつりと言葉を切って、再び視線を薔薇の上に落とす。金色の長い睫毛が、赤い瞳を@r煙@けぶ@らせる。	N	1020.gsc	48	阿薇拉忽然闭口不言，再度将视线落到蔷薇上。金色的长睫毛使赤红的眼眸朦胧不清。	N
1020	high-candidate	type+length+bidirectional-continuity	0.0854	34	34	Script/scr1020.binu8	88843	88847	生徒の胸の奥の天秤は、恐怖と陶酔の@r多寡@たか@を測りかねて、せわしなく揺れ動いた。	N	1020.gsc	49	学生内心深处的天平，难以分出恐怖和陶醉的重量几何，不断摇摆着。	N
1020	high-candidate	type+length+bidirectional-continuity	0.0000	35	35	Script/scr1020.binu8	88969	88973	@vv20105「@r鋸葉@のこば@が深いのは好ましいわ。けれど花弁は、ほんの少しだけ不揃いね」	D	1020.gsc	51	「我喜欢这种锯叶的深烈。不过花瓣的话，就有点不整齐了呢」	D
1020	high-candidate	type+length+bidirectional-continuity	0.0000	36	36	Script/scr1020.binu8	89094	89098	@vv20106「薔薇という花は世界の象徴。均衡に気を配りなさい」	D	1020.gsc	53	「蔷薇是世界的象征。请注意保持均整」	D
1020	high-candidate	type+length+bidirectional-continuity	0.0000	37	37	Script/scr1020.binu8	89182	89186	@vv93106「は……はい」	D	1020.gsc	55	「是……是」	D
1020	high-candidate	type+length+bidirectional-continuity	0.1033	38	38	Script/scr1020.binu8	89216	89220	花弁の均整には自信があったが、アヴェルラの目には@r瑕疵@かし@があったようだ。	N	1020.gsc	56	虽然她对自己花瓣的匀整很有自信，但在阿薇拉的眼中仍有瑕疵。	N
1020	high-candidate	type+length+bidirectional-continuity	0.1233	39	39	Script/scr1020.binu8	89333	89337	しかし落胆よりも安堵のほうが大きかった。覚悟していたよりもずっと穏当でありきたりな指摘だったからだ。	N	1020.gsc	57	但比起沮丧还是安心感更强烈。因为这是要比预想中温和很多的普通的指摘。	N
1020	high-candidate	type+length+bidirectional-continuity	0.0778	40	40	Script/scr1020.binu8	89488	89492	@vv93107「ご忠告痛みいります。……あっ」	D	1020.gsc	59	「对您的忠告不胜惶恐。……啊」	D
1020	high-candidate	type+length+bidirectional-continuity	0.0588	41	41	Script/scr1020.binu8	89549	89553	しかし生徒は、つかの間の安堵から一転、うわずった小さな声をあげる羽目になる。	N	1020.gsc	60	但是那名学生随即从瞬间的安心，一转陷入只能发出小声尖叫的窘境。	N
1020	high-candidate	type+length+bidirectional-continuity	0.1431	42	42	Script/scr1020.binu8	89668	89672	アヴェルラがすっと身を屈め、@r件@くだん@の薔薇に顔を寄せたのだ。	N	1020.gsc	61	阿薇拉突然俯下身，将脸贴近那朵蔷薇。	N
1020	high-candidate	type+length+bidirectional-continuity	0.0943	43	43	Script/scr1020.binu8	89767	89771	まさにもうひとつの花弁のように艶やかな赤い唇が、花に触れるか触れないかの位置まで近づいた、その瞬間。	N	1020.gsc	62	艳丽的红唇如同另一片花瓣般，靠近到与花朵若即若离的位置，就在那个瞬间。	N
1020	review	type+length	0.2019	44	44	Script/scr1020.binu8	89933	89937	この日はじめての微風があたりをそよがせて、薔薇が身悶えるように揺れた。	N	1020.gsc	63	这一天的第一缕微风轻拂而过，蔷薇摇曳起身体。	N
1020	pc-only	no-ns-pair			45						1020.gsc	64	在那一刹那，唇与花瓣重合了──^n	N
1020	review	type+length	0.5760	45	46	Script/scr1020.binu8	90043	90047	その拍子に、唇と花弁が重なった──@n@p少なくとも、生徒の目にはそう見えた。	N	1020.gsc	65	至少，在那名学生的眼中是这样的。	N
1020	high-candidate	type+length+bidirectional-continuity	0.2157	46	47	Script/scr1020.binu8	90157	90161	生徒は、アヴェルラの唇の柔らかな手応えを、自らの手の甲で受けたような気がして、ゾクリと身をすくめる。	N	1020.gsc	66	就像手背上也感受到了阿薇拉嘴唇的柔软触感，学生的身体一阵颤栗。	N
1020	high-candidate	type+length+bidirectional-continuity	0.0000	47	48	Script/scr1020.binu8	90312	90316	@vv20107「ただ、香りは悪くないわ。もう少し控えめにしたほうが上品かもしれないけれど」	D	1020.gsc	68	「不过，香味还挺不错的。再稍微低调一些可能就更加上品了」	D
1020	high-candidate	type+length+bidirectional-continuity	0.1930	48	49	Script/scr1020.binu8	90439	90443	@vv93108「あ……ありがとうござい、ます」	D	1020.gsc	70	「非……非常感谢」	D
1020	high-candidate	type+length+bidirectional-continuity	0.0253	49	50	Script/scr1020.binu8	90500	90504	自分でも@r滑稽@こっけい@に思うほどぎこちない返答だったが、アヴェルラは身を起こしながら、柔らかな微笑を浮かべている。	N	1020.gsc	71	就算是连学生自己都觉得滑稽可笑的笨拙回答，但阿薇拉还是带着柔和的微笑直起身来。	N
1020	high-candidate	type+length+bidirectional-continuity	0.0000	50	51	Script/scr1020.binu8	90677	90681	@vv20108「いいお返事ね。次に咲かせる花も楽しみだわ」	D	1020.gsc	73	「不错的回答呢。期待你下一次绽放的花」	D
1020	high-candidate	type+length+bidirectional-continuity	0.0696	51	52	Script/scr1020.binu8	90756	90760	@vv20109「では、ごきげんよう」	D	1020.gsc	75	「那么，贵安」	D
1020	high-candidate	type+length+bidirectional-continuity	0.1431	52	53	Script/scr1020.binu8	90802	90806	去っていくアヴェルラを、生徒は@r惚@ほう@けた顔をして見送った。	N	1020.gsc	76	学生带着恍惚的表情目送着阿薇拉离去。	N
1020	high-candidate	type+length+bidirectional-continuity	0.0260	53	54	Script/scr1020.binu8	90898	90902	その頬は先ほどの青白さから一点、薔薇から色をもらったかのように紅潮している。	N	1020.gsc	77	她的脸颊比起刚才的苍白多了一丝红晕，仿佛从蔷薇处取得了颜色。	N
1020	high-candidate	type+length+bidirectional-continuity	0.0639	54	55	Script/scr1020.binu8	91017	91021	@vv90104「やるじゃない！　アヴェルラ様に認められるなんて」	D	1020.gsc	79	「有你的嘛！能被阿薇拉小姐认可」	D
1020	high-candidate	type+length+bidirectional-continuity	0.3175	55	56	Script/scr1020.binu8	91105	91109	いつまでも置き物のように突っ立っているその背を、友人が手荒く叩く。返ってきたのは@r胡乱@うろん@な呻き声だった。	N	1020.gsc	80	一直僵直着的背被朋友随意拍打。回应朋友的是混乱的呻吟声。	N
1020	high-candidate	type+length+bidirectional-continuity	0.0231	56	57	Script/scr1020.binu8	91273	91277	@vv91104「アヴェルラ様があんなにご機嫌になるなんて、めったにないことよ。もっと喜びなさいよ」	D	1020.gsc	82	「阿薇拉小姐居然会那么开心，这可很难得哦。你再高兴点啊」	D
1020	high-candidate	type+length+bidirectional-continuity	0.0000	57	58	Script/scr1020.binu8	91412	91416	@vv93109「え、ええ……。頭がぼうっとしてしまって……」	D	1020.gsc	84	「嗯，嗯……。我脑子愣住了……」	D
1020	high-candidate	type+length+bidirectional-continuity	0.0000	58	59	Script/scr1020.binu8	91494	91498	@vv90105「あなた、目を開けて夢を見ているような顔をしてるわ。無理もないけどね」	D	1020.gsc	86	「你呀，一副做了白日梦的样子呢。虽然也不奇怪就是了」	D
1020	high-candidate	type+length+bidirectional-continuity	0.1139	59	60	Script/scr1020.binu8	91612	91616	そうからかう友人たちの瞳には、色濃い羨望が揺らめいていた。	N	1020.gsc	87	那些调侃着她的朋友们的眼中，荡漾着深深的羡慕之色。	N
1020	high-candidate	type+length+bidirectional-continuity	0.0661	60	61	Script/scr1020.binu8	91704	91708	図書館には、時から取り残されたような静寂があった。	N	1020.gsc	88	图书馆中一片寂静，仿佛被时光所遗忘。	N
1020	high-candidate	type+length+bidirectional-continuity	0.0399	61	62	Script/scr1020.binu8	91784	91788	外と内、二重の円形に@r聳@そび@える壁には、本棚がぎっしりと@r設@しつら@えられており、来訪者に圧しかかるようだ。	N	1020.gsc	89	外与内，耸立着两重圆形墙壁，其上陈设着密密麻麻的书架，压迫着来访者。	N
1020	high-candidate	type+length+bidirectional-continuity	0.2919	62	63	Script/scr1020.binu8	91950	91954	書棚には、その内に膨大な言葉を呑みこんだ書物たちが、しかつめらしい表題だけを掲げて並んでいる。	N	1020.gsc	90	饱含知识的书籍只露出书脊的标题，一板一眼地排放在架内。	N
1020	high-candidate	type+length+bidirectional-continuity	0.1424	63	64	Script/scr1020.binu8	92110	92114	@vv30101「…………」	D	1020.gsc	92	「…………」	D
1020	high-candidate	type+length+bidirectional-continuity	0.1431	64	65	Script/scr1020.binu8	92141	92145	夜が明けるや否や図書室を訪れた、ただひとりの客人も、端正な唇を引き結んで言葉を発することはない。	N	1020.gsc	93	天刚亮就到访了图书室的唯一的客人，也紧闭着她端庄的双唇一言不发。	N
1020	high-candidate	type+length+bidirectional-continuity	0.0943	65	66	Script/scr1020.binu8	92290	92294	深い静寂にただひとつ響くのは、紙と紙とがこすれあう音だけだ。	N	1020.gsc	94	在深沉的寂静中唯一响起的是书页摩擦的声音。	N
1020	high-candidate	type+length+bidirectional-continuity	0.1171	66	67	Script/scr1020.binu8	92396	92400	頁をめくるついでに、すんなりと伸びた白い指が、燃えるような赤毛をかきあげる。	N	1020.gsc	95	在翻阅时，她那修长白皙的手指顺手撩起那燃烧般的红发。	N
1020	high-candidate	type+length+bidirectional-continuity	0.0023	67	68	Script/scr1020.binu8	92515	92519	高い位置に退けられた毛束は、しかしすぐにずり下がって、思索に沈む頬に尖った影を落とす。	N	1020.gsc	96	被推到高处的鬓发很快就滑落下来，在陷入思索的脸颊上映出尖尖的阴影。	N
1020	high-candidate	type+length+bidirectional-continuity	0.3067	68	69	Script/scr1020.binu8	92649	92653	けれども少女は、未練がましい髪の毛に、もうそれ以上構おうとはしない。その視線は、ただひたすらに文字を追う。	N	1020.gsc	97	少女不再理会那恋恋不舍的鬓发。她的视线只是专注地追逐着文字。	N
1020	high-candidate	type+length+bidirectional-continuity	0.1141	69	70	Script/scr1020.binu8	92813	92817	炎の最も明るいところを凝集させたような金色の瞳は、紙面が焦げかねないほどの激しい好奇の熱を帯びている。	N	1020.gsc	98	那凝集了火焰最明亮部分的金色眼眸，带着仿佛要将纸面烧焦般的强烈好奇心。	N
1020	high-candidate	type+length+bidirectional-continuity	0.0392	70	71	Script/scr1020.binu8	92971	92975	書架用の脚立に腰をかけて、足を無造作に投げ出した姿勢は、お世辞にも行儀が良いとは言い難い。	N	1020.gsc	99	她坐在书架用的梯凳上，双脚漫不经心随意伸出，再怎么恭维也很难说符合礼仪。	N
1020	high-candidate	type+length+bidirectional-continuity	0.0576	71	72	Script/scr1020.binu8	93111	93115	しかし、均整のとれた長身のせいか、あるいは知的な横顔のせいか、奔放ながらどこか気高さを感じさせる光景だった。	N	1020.gsc	100	但不知道是因为她匀称的身材，还是因为她知性的侧脸，这副光景虽然奔放不羁却又莫名显得高贵。	N
1020	high-candidate	type+length+bidirectional-continuity	0.0731	72	73	Script/scr1020.binu8	93278	93282	やがて時間とともに図書室を訪れる者が増え、紙の音や低い囁きが静けさを汚しても、少女は依然として深い集中に沈んでいた。	N	1020.gsc	101	随着时间的流逝，访问图书室的人增加了，即使寂静被纸页声和窃窃私语所破坏，少女依然沉浸在专注之中。	N
1020	high-candidate	type+length+bidirectional-continuity	0.0981	73	74	Script/scr1020.binu8	93457	93461	と──そこに足音とともに人影が訪れて、少女の眺める紙面を陰らせた。	N	1020.gsc	102	直到──一个人影伴随着脚步声来访，遮挡了少女所看的书页。	N
1020	high-candidate	type+length+bidirectional-continuity	0.0471	74	75	Script/scr1020.binu8	93581	93585	@vv40101「あ、あの……ロビン」	D	1020.gsc	104	「那、那个……萝宾」	D
1020	high-candidate	type+length+bidirectional-continuity	0.0473	75	76	Script/scr1020.binu8	93627	93631	呼び声は遠慮に満ちていたが、ロビンは苦々しい思いで目を細める。	N	1020.gsc	105	尽管这呼唤充满了顾虑，但萝宾还是痛苦地眯起了眼睛。	N
1020	high-candidate	type+length+bidirectional-continuity	0.1570	76	77	Script/scr1020.binu8	93725	93729	どれだけ気遣いに溢れていようと、本との対話に割りこむ人間は、許しがたい邪魔者だ。	N	1020.gsc	106	不管是出于怎样的关心，任何打断萝宾与书本对话的人，都是难以原谅的妨碍者。	N
1020	high-candidate	type+length+bidirectional-continuity	0.3937	77	78	Script/scr1020.binu8	93850	93854	@vv30102「……何か？」	D	1020.gsc	108	「……有何贵干？」	D
1020	high-candidate	type+length+bidirectional-continuity	0.0059	78	79	Script/scr1020.binu8	93884	93888	紙面に目を落としたままぶっきらぼうに応じる。ロビンの不機嫌を察知した相手が、軽く息を呑んだ気配がした。	N	1020.gsc	109	萝宾目不转睛地盯着纸面，粗鲁地回应。察觉到萝宾不高兴的对方，轻轻倒吸了一口气。	N
1020	high-candidate	type+length+bidirectional-continuity	0.0162	79	80	Script/scr1020.binu8	94042	94046	それでも、その場を去るつもりはないらしい。ロビンの上に落ちた影が身じろいで、わずかに声を震わせながら、続ける。	N	1020.gsc	110	尽管如此，她似乎仍旧不打算离开。落在萝宾身上的影子轻轻颤动，连着声音也在颤抖着继续说。	N
1020	high-candidate	type+length+bidirectional-continuity	0.0000	80	81	Script/scr1020.binu8	94212	94216	@vv40102「邪魔してしまってごめんなさい。少しだけ手を貸してほしいの。本を探していて……」	D	1020.gsc	112	「很抱歉打扰你了。但我需要你帮一点忙。我在找一本书……」	D
1020	high-candidate	type+length+bidirectional-continuity	0.0623	81	82	Script/scr1020.binu8	94345	94349	@vv30103「本当に悪いと思ってる？」	D	1020.gsc	114	「你真的有觉得抱歉吗？」	D
1020	high-candidate	type+length+bidirectional-continuity	0.2485	82	83	Script/scr1020.binu8	94397	94401	ロビンは本から顔を上げ、相手を見つめた。	N	1020.gsc	115	萝宾抬起头，凝视着对方。	N
1020	high-candidate	type+length+bidirectional-continuity	0.0043	83	84	Script/scr1020.binu8	94462	94466	最初に声をかけられた時から──いや、控えめな足音が近づいてきた時から、誰なのかはわかっていた。	N	1020.gsc	116	从最初的搭话开始──不，从收敛着的脚步声靠近的那一刻起，她就知道是谁了。	N
1020	high-candidate	type+length+bidirectional-continuity	0.2485	84	85	Script/scr1020.binu8	94608	94612	キャナリーはいつも、こんなふうに慎ましい態度で、ロビンの集中を乱しにくるのだ。本人が望んだわけではないにせよ。	N	1020.gsc	117	卡娜莉总是以这种慎重的态度来扰乱萝宾的注意力。尽管她本人并非此意。	N
1020	high-candidate	type+length+bidirectional-continuity	0.1424	85	86	Script/scr1020.binu8	94778	94782	@vv40103「あ……」	D	1020.gsc	119	「啊……」	D
1020	high-candidate	type+length+bidirectional-continuity	0.1111	86	87	Script/scr1020.binu8	94806	94810	ロビンの鋭いまなざしに出会うと、いつも夕暮れの湖面のように潤んでいる@r菫色@すみれいろ@の瞳は、物悲しい@r翳@かげ@りを濃くして伏せられた。	N	1020.gsc	120	每当与萝宾锐利的目光相遇时，卡娜莉那总是如黄昏湖面温润的紫罗兰色瞳仁里，就会深埋上一层悲伤的阴影。	N
1020	high-candidate	type+length+bidirectional-continuity	0.1123	87	88	Script/scr1020.binu8	95011	95015	栗色の柔らかい髪に縁取られた、百合のような白い@r顔@かんばせ@。今にも消え入りそうな風情で縮こまる華奢な肢体。	N	1020.gsc	121	柔顺的栗色头发缘饰着如百合般白皙的脸庞。缩成一团的身体纤弱而梦幻。	N
1020	high-candidate	type+length+bidirectional-continuity	0.0155	88	89	Script/scr1020.binu8	95176	95180	故郷に帰る術を失った妖精のような、美しさと儚さとを宿した少女だ。	N	1020.gsc	122	如同失去了返乡之术的精灵，寄宿着美丽与虚幻的少女。	N
1020	high-candidate	type+length+bidirectional-continuity	0.0709	89	90	Script/scr1020.binu8	95277	95281	@vv40104「ええ、思ってるわ。でも私だけじゃどうしても力不足で……」	D	1020.gsc	124	「嗯，我真的有觉得抱歉。但是我一个人实在力不从心……」	D
1020	high-candidate	type+length+bidirectional-continuity	0.1431	90	91	Script/scr1020.binu8	95377	95381	ロビンは何かを察した様子で、視線をキャナリーの肩越しに投げかけた。	N	1020.gsc	125	萝宾似乎察觉到了什么，视线越过卡娜莉的肩膀。	N
1020	high-candidate	type+length+bidirectional-continuity	0.2288	91	92	Script/scr1020.binu8	95481	95485	予想していたとおり、そこには一般クラスの生徒が立っていた。油断しきっていたその立ち姿は、ロビンの@r一瞥@いちべつ@に@r竦@すく@んで、たちまち居住まいを正す。	N	1020.gsc	126	和预想的一样，在那里站着普通班的学生。那略显休闲的站姿在萝宾的一瞥后立刻端正起来。	N
1020	high-candidate	type+length+bidirectional-continuity	0.0000	92	93	Script/scr1020.binu8	95713	95717	@vv40105「生物駆動の参考書を探しているの。オオアリクイについてよ」	D	1020.gsc	128	「我在找关于生物驱动的参考书。关于大食蚁兽的」	D
1020	high-candidate	type+length+bidirectional-continuity	0.1570	93	94	Script/scr1020.binu8	95813	95817	背で生徒の@r萎縮@いしゅく@を感じとったのか、庇うようにキャナリーが言う。	N	1020.gsc	129	可能是察觉到身后学生的畏缩，卡娜莉像是在庇护她般说道。	N
1020	high-candidate	type+length+bidirectional-continuity	0.0000	94	95	Script/scr1020.binu8	95924	95928	@vv40106「もちろん該当する棚は探したわ。でも彼女の知りたいことについては、どこにも見当たらなくて。むしろ機械造学の範疇かもしれない」	D	1020.gsc	131	「该找的书架当然都找过了。但是她想了解的内容，无论如何都找不到。不如说那可能是机械造学的范畴了」	D
1020	high-candidate	type+length+bidirectional-continuity	0.0361	95	96	Script/scr1020.binu8	96123	96127	ロビンはキャナリーではなく、生徒のほうに目をやりながら言った。	N	1020.gsc	132	萝宾不是看着卡娜莉，而是对着她身后的学生说道。	N
1020	high-candidate	type+length+bidirectional-continuity	0.0000	96	97	Script/scr1020.binu8	96221	96225	@vv30104「手を止めてまで協力しろというのなら、相応の礼はもらうよ」	D	1020.gsc	134	「要我停下来帮你的话，我就要收取相应的谢礼哦」	D
1020	high-candidate	type+length+bidirectional-continuity	0.1424	97	98	Script/scr1020.binu8	96321	96325	@vv40107「お礼……」	D	1020.gsc	136	「谢礼……」	D
1020	high-candidate	type+length+bidirectional-continuity	0.0000	98	99	Script/scr1020.binu8	96352	96356	@vv40108「ええ、そうよね。もちろんお礼はするわ。私にできることなら……何がいいかしら？」	D	1020.gsc	138	「嗯，说得是呢。当然得要给谢礼呢。只要我能做到的……什么比较好呢？」	D
1020	high-candidate	type+length+bidirectional-continuity	0.0661	99	100	Script/scr1020.binu8	96485	96489	戸惑いながらも「お礼」について考えを巡らせはじめたキャナリーだったが、すぐさま生徒の声が割りこんだ。	N	1020.gsc	139	卡娜莉在困惑中开始思考「谢礼」的事情，但很快就被那名学生的声音给打断了。	N
1020	high-candidate	type+length+bidirectional-continuity	0.0000	100	101	Script/scr1020.binu8	96663	96667	@vv93110「あ、あの。私、大丈夫です。自分で探しますから」	D	1020.gsc	141	「那、那个。我没关系的。我自己来找吧」	D
1020	high-candidate	type+length+bidirectional-continuity	0.1424	101	102	Script/scr1020.binu8	96748	96752	@vv40109「え、でも」	D	1020.gsc	143	「哎？但是」	D
1020	high-candidate	type+length+bidirectional-continuity	0.1829	102	103	Script/scr1020.binu8	96779	96783	@vv93111「難しい捜し物だってことはわかってたんです。頼ってしまってごめんなさい、キャナリーさん」	D	1020.gsc	145	「我知道是很难找的东西。抱歉麻烦了你，卡娜莉小姐」	D
1020	high-candidate	type+length+bidirectional-continuity	0.0000	103	104	Script/scr1020.binu8	96924	96928	@vv40110「謝らないで。いいのよ、頼ってくれて」	D	1020.gsc	147	「不用道歉。拜托我也没关系的」	D
1020	high-candidate	type+length+bidirectional-continuity	0.0145	104	105	Script/scr1020.binu8	96994	96998	@vv93112「いいえ、自分で探します。それも勉強だと思うから」	D	1020.gsc	149	「不不，我自己找吧。我觉得找书也是一种学习」	D
1020	high-candidate	type+length+bidirectional-continuity	0.1424	105	106	Script/scr1020.binu8	97082	97086	@vv40111「あ……」	D	1020.gsc	151	「啊……」	D
1020	high-candidate	type+length+bidirectional-continuity	0.1972	106	107	Script/scr1020.binu8	97110	97114	早口で依頼を撤回し、生徒は去っていく。	N	1020.gsc	152	学生迅速收回请求离开了。	N
1020	high-candidate	type+length+bidirectional-continuity	0.1023	107	108	Script/scr1020.binu8	97172	97176	その姿を見送るキャナリーの横顔には、役に立てなかった罪悪感が滲んでいた。	N	1020.gsc	153	目送她离去的卡娜莉的侧脸，流露出无法帮上忙的内疚。	N
1020	high-candidate	type+length+bidirectional-continuity	0.0253	108	109	Script/scr1020.binu8	97285	97289	ロビンは軽く鼻を鳴らす。	N	1020.gsc	154	萝宾轻轻哼了一声。	N
1020	high-candidate	type+length+bidirectional-continuity	0.1829	109	110	Script/scr1020.binu8	97326	97330	@vv30105「あの子、あんたよりよっぽど物の道理がわかってるじゃないか。答えは自分で見つけるべきだ」	D	1020.gsc	156	「那孩子可是比你懂道理多了。答案就应该自己去寻找」	D
1020	high-candidate	type+length+bidirectional-continuity	0.0033	110	111	Script/scr1020.binu8	97471	97475	@vv40112「でも……あんなに難しい問題なのに。大丈夫かしら」	D	1020.gsc	158	「但是……那么难的问题。不要紧吗」	D
1020	high-candidate	type+length+bidirectional-continuity	0.3957	111	112	Script/scr1020.binu8	97570	97574	ロビンは音高く本を閉じて、ため息をひとつついた。@nこちらへと首を戻したキャナリーの瞳を、じっと見据えて問いかける。	N	1020.gsc	159	萝宾用力合上书，叹了一口气。^n盯着转过头来的卡娜莉的眼睛问。	N
1020	high-candidate	type+length+bidirectional-continuity	0.0500	112	113	Script/scr1020.binu8	97745	97749	@vv30106「特進生徒でも見当のつかない課題を、一般クラスの生徒に出すと思う？」	D	1020.gsc	161	「你觉得连特进生都不一定清楚的课题，会交给普通班的学生做吗？」	D
1020	high-candidate	type+length+bidirectional-continuity	0.0913	113	114	Script/scr1020.binu8	97860	97864	ロビンからすればほとんど解答に近い問いだったが、キャナリーにとっては不可解なものだったらしい。	N	1020.gsc	162	在萝宾看来如此发问与给出了答案无异，但对卡娜莉来说似乎很不可思议。	N
1020	high-candidate	type+length+bidirectional-continuity	0.0514	114	115	Script/scr1020.binu8	98006	98010	@vv40113「確かに、通常ではありえないけど。でも、実際に出されたからこそ、あの子は私を頼ってきたのよ」	D	1020.gsc	164	「确实，通常来说是不可能的。但是，正因为被出了这样的课题，所以那孩子才会来拜托我吧」	D
1020	high-candidate	type+length+bidirectional-continuity	0.1625	115	116	Script/scr1020.binu8	98157	98161	気もそぞろに答えると、キャナリーは身を@r翻@ひるがえ@して去っていく。先刻の生徒にもう一度声をかけるつもりなのだろう。	N	1020.gsc	165	心绪不宁地回答后，卡娜莉转身离去。大概是还想和刚才的那学生说一下吧。	N
1020	high-candidate	type+length+bidirectional-continuity	0.1424	116	117	Script/scr1020.binu8	98334	98338	@vv30107「…………」	D	1020.gsc	167	「…………」	D
1020	high-candidate	type+length+bidirectional-continuity	0.1323	117	118	Script/scr1020.binu8	98365	98369	その後ろ姿から視線を引き剥がし、開きなおした紙面へと落としながら、ロビンはハッと息を漏らす。	N	1020.gsc	168	萝宾叹了口气，将视线从卡娜莉的背影移开，落在重新打开的书本上。	N
1020	high-candidate	type+length+bidirectional-continuity	0.1431	118	119	Script/scr1020.binu8	98508	98512	嘲笑なのかため息なのか、彼女自身にもわからない。	N	1020.gsc	169	她自己也不清楚这算嘲笑还是叹息。	N
1020	high-candidate	type+length+bidirectional-continuity	0.2186	119	120	Script/scr1020.binu8	98585	98589	ただひとつはっきりしているのは、再び書物の世界に意識を飛ばそうとしても、もはや思うようにいかないということだ。	N	1020.gsc	170	唯一明确的是即使想要再次将意识投入到书中的世界，也已经无法如愿以偿。	N
1020	high-candidate	type+length+bidirectional-continuity	0.1671	120	121	Script/scr1020.binu8	98755	98759	声をかけられる前はあれほどの感興を覚えていたというのに、もうその没入に戻れない。虚ろに文字の上を滑るばかりだ。	N	1020.gsc	171	在被搭话前明明还有那种因书悸动的感觉，但现在已经无法重回那种投入状态了。视线只能空洞地在文字上滑行。	N
1020	high-candidate	type+length+bidirectional-continuity	0.1360	121	122	Script/scr1020.binu8	98925	98929	キャナリーは、見知らぬ生徒からしても声をかけやすい相手だろう。「押しに弱いお人好し」という人柄は、一般クラスの間にも知れ渡っているのだから。	N	1020.gsc	172	卡娜莉即使对陌生学生来说也是很好搭话的人。她「不善推辞的老好人」形象在普通班级里也是众所周知。	N
1020	high-candidate	type+length+bidirectional-continuity	0.0231	122	123	Script/scr1020.binu8	99140	99144	故に、虚偽の「宿題」を盾にキャナリーの時間を奪おうとする生徒がいたとしても、驚くには値しない。	N	1020.gsc	173	因此有学生试图以虚假的「作业」作为挡箭牌来占用卡娜莉的时间也就不足为奇了。	N
1020	high-candidate	type+length+bidirectional-continuity	0.1816	123	124	Script/scr1020.binu8	99286	99290	実際にロビンは、初めて言葉を交わす生徒相手に、精一杯の善意を発揮しようとするキャナリーを、何度も見かけた。	N	1020.gsc	174	实际上萝宾已经见过很多次卡娜莉对初次交谈的学生尽心竭力地展现善意了。	N
1020	high-candidate	type+length+bidirectional-continuity	0.1795	124	125	Script/scr1020.binu8	99450	99454	生徒の「お願い」を扱いかねたキャナリーに助力を求められるのも、これが初めてではない。	N	1020.gsc	175	被难以处理学生「请求」的卡娜莉寻求帮助也并不是第一次。	N
1020	high-candidate	type+length+bidirectional-continuity	0.0064	125	126	Script/scr1020.binu8	99581	99585	その際、どれだけぶっきらぼうにあしらっても、キャナリーが真の意味で臆することはなかった。必要が生じれば、必ず声をかけてくる。	N	1020.gsc	176	那种时候，不论萝宾怎样横眉冷对，卡娜莉都不会在真正的意义上退缩。有必要的话，就一定会向萝宾搭话。	N
1020	high-candidate	type+length+bidirectional-continuity	0.1759	126	127	Script/scr1020.binu8	99772	99776	おそらく、ロビンにも自分と同じ善意があると思いこんでいるのだ。	N	1020.gsc	177	大概她深信着萝宾和自己有着同等的善意吧。	N
1020	high-candidate	type+length+bidirectional-continuity	0.0878	127	128	Script/scr1020.binu8	99870	99874	しばしば「図書館の主」と呼ばわれるほどの知識量を、惜しげもなく赤の他人に使う人間だと──	N	1020.gsc	178	拿出与「图书馆主人」的称号相称的知识量，慷慨地为陌生人服务——	N
1020	high-candidate	type+length+bidirectional-continuity	0.1424	128	129	Script/scr1020.binu8	100007	100011	@vv30108「……はぁ」	D	1020.gsc	180	「……哈啊」	D
1020	high-candidate	type+length+bidirectional-continuity	0.0275	129	130	Script/scr1020.binu8	100038	100042	ロビンは@r煩@わずら@わしげに頭を振ったが、読書を妨げる雑念が思考から追い出されることはなかった。	N	1020.gsc	181	萝宾不胜其烦的摇了摇头，但妨碍其读书的杂念并未从她的思考中被赶出来。	N
1020	high-candidate	type+length+bidirectional-continuity	0.0466	130	131	Script/scr1020.binu8	100185	100189	どうでもいいことのはずなのに、今の生徒の狙いは何だったのだろうと、頭が勝手に思索してしまう。キャナリー本人が無頓着な分、かわりに考えてやっているようなものだ。	N	1020.gsc	182	明明是无关紧要的事，罗宾却不由自主地在思考刚刚学生的目的是什么。正因为卡娜莉本人好像并不在意，所以萝宾才会替她思考。	N
1020	high-candidate	type+length+bidirectional-continuity	0.1345	131	132	Script/scr1020.binu8	100427	100431	本当に用があるか、嫌がらせで無理難題をふっかけているか、好意から長く引き留めるための話題を選んだか。	N	1020.gsc	183	是真的有事吗，还是故意找茬无理取闹呢，又或者是因为对卡娜莉的倾慕选择了能拖住对方的话题？	N
1020	review	type+length	0.7027	132	133	Script/scr1020.binu8	100582	100586	結論はたやすく出た。@n@p──３つめだろう。	N	1020.gsc	184	结论很容易得出。	N
1020	pc-only	no-ns-pair			134						1020.gsc	185	是第三点吧。	N
1020	review	type+length	0.0045	133	135	Script/scr1020.binu8	100648	100652	追いついたキャナリーに声をかけられて、嬉しそうに振り向く生徒の様子からして、間違いない。	N	1020.gsc	186	从被追上去的卡娜莉叫到后，学生高兴回过头的样子来看，毫无疑问是这样。	N
1020	high-candidate	type+length+bidirectional-continuity	0.0488	134	136	Script/scr1020.binu8	100785	100789	と、そう判断を下したロビンの頬が、苦々しく強ばった。	N	1020.gsc	187	做出这一判断后，萝宾的表情变得痛苦而僵硬。	N
1020	high-candidate	type+length+bidirectional-continuity	0.1005	135	137	Script/scr1020.binu8	100868	100872	紙面に落としていたはずの視線が、いつの間にかキャナリーたちを追っていることに気づいたからだ。	N	1020.gsc	188	因为她发现自己原本落在纸面上的视线，不知何时正追随着卡娜莉她们。	N
1020	high-candidate	type+length+bidirectional-continuity	0.2601	136	138	Script/scr1020.binu8	101011	101015	@vv30109「……偽善者が」	D	1020.gsc	190	「……这些伪善者」	D
1020	high-candidate	type+length+bidirectional-continuity	0.1614	137	139	Script/scr1020.binu8	101048	101052	ロビンはそんな呪詛を唱えることによって、胸に渦巻く黒い気持ちを「読書の時間を邪魔された苛立ち」として片づけた。	N	1020.gsc	191	萝宾念着这样的诅咒，将心中汹涌的黑色情绪归结为「读书时间被打扰的焦躁」。	N
1020	high-candidate	type+length+bidirectional-continuity	0.0253	138	140	Script/scr1020.binu8	101218	101222	窓の色は、@r黎明@れいめい@の仄暗さから早朝の清々しい明るさへと、いよいよ光量を増しつつある。	N	1020.gsc	192	光线逐渐增加，窗户的颜色从黎明的微暗变化到了清晨的清新明亮。	N
1020	high-candidate	type+length+bidirectional-continuity	0.1206	139	141	Script/scr1020.binu8	101359	101363	しかし寮の廊下からは、逆に活気が失せていた。	N	1020.gsc	193	不过宿舍的走廊反而失去了活力。	N
1020	high-candidate	type+length+bidirectional-continuity	0.2003	140	142	Script/scr1020.binu8	101430	101434	先ほど目覚めた生徒たちが、小声で挨拶を交わしながら棟を去っていったところで、今は無人の静謐だけが満ちている。	N	1020.gsc	194	刚刚醒来的学生们一边小声打招呼一边离开了宿舍楼，现在只剩无人的静谧。	N
1020	high-candidate	type+length+bidirectional-continuity	0.0743	141	143	Script/scr1020.binu8	101597	101601	@r礼讃日@らいさんび@の朝は早い。この無音は、生徒たちの勤勉を示す理想的な静寂だった。	N	1020.gsc	195	礼赞日的晨课是很早的。这种无声是体现学生们勤勉的理想寂静。	N
1020	high-candidate	type+length+bidirectional-continuity	0.0392	142	144	Script/scr1020.binu8	101726	101730	しかし──	N	1020.gsc	196	然而──	N
1020	high-candidate	type+length+bidirectional-continuity	0.0000	143	145	Script/scr1020.binu8	101771	101775	@vv50101「パヴォーネ！」	D	1020.gsc	198	「帕沃妮！」	D
1020	high-candidate	type+length+bidirectional-continuity	0.1226	144	146	Script/scr1020.binu8	101808	101812	その理想は、少女の声とノックによって破られた。	N	1020.gsc	199	这种理想环境被少女的声音和敲门声打破了。	N
1020	high-candidate	type+length+bidirectional-continuity	0.0198	145	147	Script/scr1020.binu8	101882	101886	彼女──マコーは、一度棟を去ったのだが、人待ち顔で寮の出入り口をうろついた後、何かに耐えかねた様子でこの廊下へ戻ってきたのだった。	N	1020.gsc	200	她──玛可虽然已经走出了宿舍，但在出入口徘徊等人了好一会儿后，还是以一副难以忍受的神情返回了这条走廊。	N
1020	high-candidate	type+length+bidirectional-continuity	0.0000	146	148	Script/scr1020.binu8	102082	102086	@vv50102「ねぇ、パヴォーネ！　いるんでしょう？」	D	1020.gsc	202	「喂，帕沃妮！　你在的吧？」	D
1020	high-candidate	type+length+bidirectional-continuity	0.0488	147	149	Script/scr1020.binu8	102155	102159	拳が音高く扉を叩くたびに、焦げ茶色のおさげが揺れる。	N	1020.gsc	203	她举起拳头高声敲门，焦茶色的辫子随之摇晃。	N
1020	high-candidate	type+length+bidirectional-continuity	0.2807	148	150	Script/scr1020.binu8	102238	102242	血色の良い頬や薄いそばかすは素朴だが、眼鏡の奥の瞳は鮮やかな青で、小麦畑の果てに突然大海原が現れたかのよう。	N	1020.gsc	204	精神饱满的脸颊和淡淡的雀斑显得很朴素，可她眼镜后面的眼眸却是鲜艳的蓝色，就像小麦田的尽头突然出现一片汪洋大海。	N
1020	high-candidate	type+length+bidirectional-continuity	0.1206	149	151	Script/scr1020.binu8	102405	102409	いかにも真面目そうな顔つきだが、その瞳に宿る瑞々しい輝きが、堅苦しい印象を和らげている。	N	1020.gsc	205	看起来非常严肃，但那双眼眸中闪烁的光芒软化了这种刻板的印象。	N
1020	high-candidate	type+length+bidirectional-continuity	0.0000	150	152	Script/scr1020.binu8	102542	102546	@vv50103「いい加減起きないと礼讃に間に合わないわ。もう寮には誰もいないの。私とあなただけ」	D	1020.gsc	207	「再不起床的话就赶不上礼赞了。宿舍里都已经没有人了。只剩我和你了」	D
1020	high-candidate	type+length+bidirectional-continuity	0.0000	151	153	Script/scr1020.binu8	102678	102682	@vv50104「あと１０秒だけ待つわ。それでも起きてこなかったら、私、先に行くからね。いい？　本当にやるわよ」	D	1020.gsc	209	「我就再等你１０秒。要是还没起来的话，我就先走了哦。听到了吗？　我真的会走的哦」	D
1020	high-candidate	type+length+bidirectional-continuity	0.2231	152	154	Script/scr1020.binu8	102835	102839	マコーは表情を厳しく引き締め、精一杯無情に言い放つ。	N	1020.gsc	210	玛可绷紧表情，尽可能无情地说道。	N
1020	high-candidate	type+length+bidirectional-continuity	0.1424	153	155	Script/scr1020.binu8	102918	102922	@vv50105「…………」	D	1020.gsc	212	「…………」	D
1020	high-candidate	type+length+bidirectional-continuity	0.2017	154	156	Script/scr1020.binu8	102949	102953	扉越しに気配を窺うが、反応はない。	N	1020.gsc	213	她隔着门窥探，里面没有任何动静。	N
1020	high-candidate	type+length+bidirectional-continuity	0.0905	155	157	Script/scr1020.binu8	103005	103009	マコーの顔に浮かんだのは、呆れでも苛立ちでもなく、迷子のような心細さだった。	N	1020.gsc	214	玛可脸上浮现出的既不是惊讶也不是焦躁，而是如同迷路孩童般的不安。	N
1020	high-candidate	type+length+bidirectional-continuity	0.1332	156	158	Script/scr1020.binu8	103124	103128	ため息をついて、実際に数えはじめるまでに、優に１０秒は経っていた。	N	1020.gsc	215	她叹了口气，在真正开始数数以前，其实就已经过了１０秒钟了。	N
1020	high-candidate	type+length+bidirectional-continuity	0.0595	157	159	Script/scr1020.binu8	103228	103232	@vv50106「いーち、にー、さーん……」	D	1020.gsc	217	「一、二、三……」	D
1020	high-candidate	type+length+bidirectional-continuity	0.0110	158	160	Script/scr1020.binu8	103283	103287	ようやく始まったカウントも、数字と数字の間に十分な間を取っていて、緊迫感などかけらもない。	N	1020.gsc	218	即便终于开始数数，她也在数字和数字之间留了足够的空档，丝毫没有紧迫感。	N
1020	high-candidate	type+length+bidirectional-continuity	0.0000	159	161	Script/scr1020.binu8	103423	103427	@vv50107「……きゅーう……。……じゅーう……」	D	1020.gsc	220	「……九……。……十……」	D
1020	high-candidate	type+length+bidirectional-continuity	0.3056	160	162	Script/scr1020.binu8	103493	103497	しかし、その温情に溢れたカウントアップが終わって、伸ばしに伸ばした余韻すら消え失せても、扉の向こうは静まりかえっている。	N	1020.gsc	221	但是，这充满温情的数数结束，甚至连尾音也消失了，门那边还是一片寂静。	N
1020	high-candidate	type+length+bidirectional-continuity	0.0000	161	163	Script/scr1020.binu8	103678	103682	@vv50108「……もしかして、いないの？　先に行っちゃったとか？」	D	1020.gsc	223	「……难道说，不在吗？　已经先走了？」	D
1020	high-candidate	type+length+bidirectional-continuity	0.0079	162	164	Script/scr1020.binu8	103783	103787	マコーは小さく@r独@ひと@りごち、思い切った様子でノブに手をかけた。そのまま扉を開く。	N	1020.gsc	224	玛可喃喃自语着，下定决心地把手伸向门把手。就这样打开了门。	N
1020	high-candidate	type+length+bidirectional-continuity	0.1424	163	165	Script/scr1020.binu8	103923	103927	@vv50109「…………」	D	1020.gsc	226	「…………」	D
1020	high-candidate	type+length+bidirectional-continuity	0.1431	164	166	Script/scr1020.binu8	103954	103958	室内を@r彷徨@さまよ@った視線が、ベッドの上に止まる。	N	1020.gsc	227	视线在室内徘徊，停在了床上。	N
1020	high-candidate	type+length+bidirectional-continuity	0.1424	165	167	Script/scr1020.binu8	104035	104039	@vv50110「……え。え！？」	D	1020.gsc	229	「……欸。欸！？」	D
1020	high-candidate	type+length+bidirectional-continuity	0.2301	166	168	Script/scr1020.binu8	104075	104079	マコーは何度もまばたきを繰り返した。	N	1020.gsc	230	玛可一遍又一遍地眨眼。	N
1020	high-candidate	type+length+bidirectional-continuity	0.1244	167	169	Script/scr1020.binu8	104134	104138	が、人ひとり分を抱えて盛り上がった毛布の膨らみと、そのふちから@r零@こぼ@れる白金の髪が、消えてなくなることはない。	N	1020.gsc	231	但，那被一个人顶起来的被子，以及从其边缘露出的白金色的头发，并不会消失。	N
1020	high-candidate	type+length+bidirectional-continuity	0.0406	168	170	Script/scr1020.binu8	104308	104312	@vv50111「いるの？　いるのよね？　いるんじゃない！　……パヴォーネ！」	D	1020.gsc	233	「在的吗？　你在的吧？　你这不是在这嘛！　……帕沃妮！」	D
1020	high-candidate	type+length+bidirectional-continuity	0.1431	169	171	Script/scr1020.binu8	104414	104418	声を張り上げると、ベッドの上で毛布の固まりがもぞつき、くぐもった声が聞こえた。	N	1020.gsc	234	她提高嗓门，床上那团被子蠕动着，传来含糊不清的声音。	N
1020	high-candidate	type+length+bidirectional-continuity	0.0000	170	172	Script/scr1020.binu8	104556	104560	@vv70101「んー……マコー？」	D	1020.gsc	236	「嗯……玛可？」	D
1020	high-candidate	type+length+bidirectional-continuity	0.0000	171	173	Script/scr1020.binu8	104599	104603	@vv50112「何やってるのよ、パヴォーネ！　起きて、すぐに支度して！」	D	1020.gsc	238	「你在干什么啊帕沃妮！　快起床，赶紧准备！」	D
1020	high-candidate	type+length+bidirectional-continuity	0.0349	172	174	Script/scr1020.binu8	104721	104725	マコーは毛布を引き剥がし、弱った芋虫のように横たわる友人を叩き起こす。	N	1020.gsc	239	玛可扯开被子，把她那像虚弱毛毛虫一样躺着的友人拍醒。	N
1020	high-candidate	type+length+bidirectional-continuity	0.2824	173	175	Script/scr1020.binu8	104842	104846	パヴォーネを洗面所へと送りだし、彼女が顔を洗っている間に、クローゼットから制服を取り出して用意する。	N	1020.gsc	240	把帕沃妮送到盥洗室，在她洗脸的时候从衣柜里拿出制服准备好。	N
1020	high-candidate	type+length+bidirectional-continuity	0.1431	174	176	Script/scr1020.binu8	105019	105023	パヴォーネがあくび混じりに歯を磨きはじめると、マコーはブラシを持ってその髪を@r梳@と@かし、手早く結い上げた。	N	1020.gsc	241	帕沃妮打着哈欠开始刷牙的时候，玛可拿起梳子为她梳理头发，麻利地扎好。	N
1020	high-candidate	type+length+bidirectional-continuity	0.0876	175	177	Script/scr1020.binu8	105184	105188	@vv70102「いやぁ、お手並み鮮やかだねぇ」	D	1020.gsc	243	「哎呀，你手真巧啊」	D
1020	high-candidate	type+length+bidirectional-continuity	0.1424	176	178	Script/scr1020.binu8	105245	105249	@vv50113「いいから早く磨いて！」	D	1020.gsc	245	「差不多得了你快点刷！」	D
1020	high-candidate	type+length+bidirectional-continuity	0.0000	177	179	Script/scr1020.binu8	105294	105298	@vv70103「はぁ、すっきり。ありがとね、マコー。だいぶ目が覚めてきたよ」	D	1020.gsc	247	「哈啊，清爽了。谢谢你了，玛可。我大概清醒了哦」	D
1020	high-candidate	type+length+bidirectional-continuity	0.0000	178	180	Script/scr1020.binu8	105400	105404	@vv70104「それじゃ行こうか」	D	1020.gsc	249	「那我们走吧」	D
1020	high-candidate	type+length+bidirectional-continuity	0.0000	179	181	Script/scr1020.binu8	105443	105447	@vv50114「そのまま行かないで！　着替えないと」	D	1020.gsc	251	「别就那样去啊！　必须换衣服」	D
1020	high-candidate	type+length+bidirectional-continuity	0.0000	180	182	Script/scr1020.binu8	105513	105517	@vv70105「おっと」	D	1020.gsc	253	「哎呀」	D
1020	high-candidate	type+length+bidirectional-continuity	0.0163	181	183	Script/scr1020.binu8	105552	105556	パヴォーネは、戸口へと運びかけた足を止め、マコーが用意した制服を受け取る。	N	1020.gsc	254	帕沃妮停下了刚要送到门口的脚步，接过了玛可准备好的制服。	N
1020	high-candidate	type+length+bidirectional-continuity	0.0000	182	184	Script/scr1020.binu8	105668	105672	@vv70106「道理ですうすうすると思った。……寝間着のほうが動きやすいんだけどねぇ」	D	1020.gsc	256	「难怪我觉得有点清凉。……不过穿着睡衣活动更方便呢」	D
1020	high-candidate	type+length+bidirectional-continuity	0.0290	183	185	Script/scr1020.binu8	105811	105815	@vv50115「も……もう！　ほんと、人の目を気にしないんだから……」	D	1020.gsc	258	「真……真是的！　你真的是不在意别人的眼光啊……」	D
1020	high-candidate	type+length+bidirectional-continuity	0.0700	184	186	Script/scr1020.binu8	105908	105912	何の恥じらいもなく寝間着を脱ぎ捨てるパヴォーネに焦り、マコーは慌てて目を背けた。	N	1020.gsc	259	对着毫无羞耻之心脱掉睡衣的帕沃妮，玛可感到一阵害臊，慌忙转过视线。	N
1020	high-candidate	type+length+bidirectional-continuity	0.0794	185	187	Script/scr1020.binu8	106033	106037	ぎゅっと目を閉じ、今目にしたものを忘れようと努める。けれど瞼の裏の暗闇には、下着に包まれた肉感的な肢体の残像が、ぼうっと浮き上がったまま消えてくれない。	N	1020.gsc	260	紧紧闭上眼睛，努力忘记刚刚所见的一切。但在眼帘背后的黑暗里，被内衣包裹着的肉感身姿的残影隐约浮现，挥之不去。	N
1020	high-candidate	type+length+bidirectional-continuity	0.0825	186	188	Script/scr1020.binu8	106266	106270	パヴォーネは、外見だけなら誰よりも美しい少女だ。	N	1020.gsc	261	帕沃妮是一个外表比谁都要美的少女。	N
1020	high-candidate	type+length+bidirectional-continuity	0.1480	187	189	Script/scr1020.binu8	106343	106347	とろけるような白皙の肌、繊細な光を宿す白金色の髪、鼻筋の通った完璧な造作。	N	1020.gsc	262	吹弹可破的白皙肌肤，泛着细腻光芒的白金色头发，完美无缺的高挺鼻梁。	N
1020	high-candidate	type+length+bidirectional-continuity	0.3567	188	190	Script/scr1020.binu8	106459	106463	@r臙脂@えんじ@の瞳は底の見えない色合いで、賢いような、気ままなような、人なつっこいような、謎めいた光を宿している。	N	1020.gsc	263	胭脂色的眼眸深不见底，蕴含着智慧、慵懒、友好的神秘光辉。	N
1020	high-candidate	type+length+bidirectional-continuity	0.0323	189	191	Script/scr1020.binu8	106633	106637	黙って立っていれば神々しくも妖しくもある美貌で、実際に彼女の人となりを知らない一般クラスの生徒たちの間では、アヴェルラと並び立つ人気を誇るらしい。	N	1020.gsc	264	只是默默站着的话、有着亦仙亦妖的美貌的帕沃妮，实际上在不知道她为人的普通班的学生中，似乎有着和阿薇拉并驾齐驱的人气。	N
1020	high-candidate	type+length+bidirectional-continuity	0.1233	190	192	Script/scr1020.binu8	106857	106861	マコーも、親しい間柄になる前は、近寄りがたい雰囲気を感じていた。きっと一方的に見とれてしまって、対等なやりとりなんて交わせないだろうと思っていたのだ。	N	1020.gsc	265	在彼此成为好朋友之前，玛可也感受到过难以接近的气氛。一定是因为单方面看得入迷了，无法进行平等的对话吧。	N
1020	high-candidate	type+length+bidirectional-continuity	0.2624	191	193	Script/scr1020.binu8	107087	107091	しかし、今は──	N	1020.gsc	266	只不过，现在──	N
1020	high-candidate	type+length+bidirectional-continuity	0.0000	192	194	Script/scr1020.binu8	107116	107120	@vv70107「んー……？　あ、これはよくないね。先行きなよ、マコー」	D	1020.gsc	268	「嗯……？　啊，这可不太妙呢。你先走吧，玛可」	D
1020	high-candidate	type+length+bidirectional-continuity	0.0604	193	195	Script/scr1020.binu8	107213	107217	着替えながら時計に目をやり、初めて遠慮を見せるパヴォーネに対して、マコーは明後日の方を向いたまま素っ気なく言い放つ。	N	1020.gsc	269	对于一边换衣服一边看表、第一次表现出顾虑的帕沃妮，玛可反而变了个人似的冷淡地放言道。	N
1020	high-candidate	type+length+bidirectional-continuity	0.0000	194	196	Script/scr1020.binu8	107392	107396	@vv50116「あと１０秒だけ待つわ。いーち、にー……」	D	1020.gsc	271	「我再等你１０秒钟。一、二ー……」	D
1020	high-candidate	type+length+bidirectional-continuity	0.0000	195	197	Script/scr1020.binu8	107468	107472	@vv70108「あたしのお守りも大変だねぇ」	D	1020.gsc	273	「我的守护神也真不容易呢」	D
1020	high-candidate	type+length+bidirectional-continuity	0.0000	196	198	Script/scr1020.binu8	107526	107530	@vv50117「さーん、しー……」	D	1020.gsc	275	「三、四……」	D
1020	high-candidate	type+length+bidirectional-continuity	0.3507	197	199	Script/scr1020.binu8	107569	107573	マコーはカウントを続けて、聞こえないふりをした。	N	1020.gsc	276	玛可继续数数，装作没听见。	N
1020	high-candidate	type+length+bidirectional-continuity	0.0588	198	200	Script/scr1020.binu8	107646	107650	「本当に、大変なんてもんじゃないわ」──心の中では、そんな軽口で返しながら。	N	1020.gsc	277	「真算不上什么辛苦的事情」──她在心里用这样轻松的语气回应道。	N
1020	high-candidate	type+length+bidirectional-continuity	0.0231	199	201	Script/scr1020.binu8	107765	107769	@vv50118「じゅう！」	D	1020.gsc	279	「十！」	D
1020	high-candidate	type+length+bidirectional-continuity	0.0471	200	202	Script/scr1020.binu8	107796	107800	@vv70109「お待たせ、支度完了」	D	1020.gsc	281	「久等了，准备完毕」	D
1020	high-candidate	type+length+bidirectional-continuity	0.0000	201	203	Script/scr1020.binu8	107842	107846	@vv50119「早足で行くわよ」	D	1020.gsc	283	「要快点走了」	D
1020	high-candidate	type+length+bidirectional-continuity	0.0000	202	204	Script/scr1020.binu8	107882	107886	@vv70110「はーい」	D	1020.gsc	285	「遵命」	D
1020	high-candidate	type+length+bidirectional-continuity	0.0172	203	205	Script/scr1020.binu8	107910	107914	ふたりは足早に部屋を後にし、@r礼讃祈堂@らいさんきどう@を目指す。	N	1020.gsc	286	两人快步离开房间，朝着礼赞祈堂奔去。	N
1020	high-candidate	type+length+bidirectional-continuity	0.1080	204	206	Script/scr1020.binu8	108009	108013	生徒たちの大半は、すでに礼讃祈堂に着いているのだろう。道すがら、誰の姿も見かけない。	N	1020.gsc	287	学生们大半都已经到了礼赞祈堂了吧。路上看不见任何人的身影。	N
1020	high-candidate	type+length+bidirectional-continuity	0.2114	205	207	Script/scr1020.binu8	108140	108144	@vv50120「なんとか、間に合いそう！」	D	1020.gsc	289	「不管怎么说，好像还能赶上！」	D
1020	high-candidate	type+length+bidirectional-continuity	0.0000	206	208	Script/scr1020.binu8	108195	108199	@vv70111「いつもごめんねぇ、マコー。本当に助かるよ」	D	1020.gsc	291	「一直都很抱歉呢，玛可。真的帮大忙了」	D
1020	high-candidate	type+length+bidirectional-continuity	0.0370	207	209	Script/scr1020.binu8	108274	108278	@vv50121「次は先に行くから」	D	1020.gsc	293	「下次我就先走了」	D
1020	high-candidate	type+length+bidirectional-continuity	0.0000	208	210	Script/scr1020.binu8	108317	108321	@vv70112「ええ……そしたらあたし、もう礼讃祈堂で寝泊まりするしかないわ」	D	1020.gsc	295	「诶诶……这样的话，我就只能在礼赞祈堂过夜了」	D
1020	high-candidate	type+length+bidirectional-continuity	0.2477	209	211	Script/scr1020.binu8	108426	108430	@vv50122「天才的な発想ね」	D	1020.gsc	297	「真是天才的想法啊」	D
1020	high-candidate	type+length+bidirectional-continuity	0.3843	210	212	Script/scr1020.binu8	108466	108470	荒い呼吸の合間からそんなやりとりを交わしながら、ふたりは礼讃祈堂の前にたどりついた。	N	1020.gsc	298	两人在急促的呼吸间交谈着，来到了礼赞祈堂前。	N
1020	high-candidate	type+length+bidirectional-continuity	0.3736	211	213	Script/scr1020.binu8	108597	108601	階段を上った先に開かれた入り口があり、その扉の横でふたりの生徒が時計を見ている。定刻に扉を閉める係だ。	N	1020.gsc	299	楼梯上的入口旁有两名学生正看着时钟。她们负责准时关门。	N
1020	high-candidate	type+length+bidirectional-continuity	0.0319	212	214	Script/scr1020.binu8	108755	108759	声こそ聞こえないが、またしても１０カウントがはじまっているに違いない。秒にあわせて軽く頭が揺れている。	N	1020.gsc	300	虽然听不到声音，但肯定又开始倒计时数１０了。守门的学生边读秒边轻轻摇晃着头。	N
1020	high-candidate	type+length+bidirectional-continuity	0.0139	213	215	Script/scr1020.binu8	108913	108917	ふたりはもはや話をする余裕もなく、一気に階段を駆け上った。	N	1020.gsc	301	两个人已经没有说话的余地了，一口气跑上楼梯。	N
1020	high-candidate	type+length+bidirectional-continuity	0.0000	214	216	Script/scr1020.binu8	109005	109009	@vv70113「はぁ、はぁ……よし、間に合った！」	D	1020.gsc	303	「哈啊、哈啊……好，赶上了！」	D
1020	high-candidate	type+length+bidirectional-continuity	0.1023	215	217	Script/scr1020.binu8	109072	109076	戸口へ飛びこむと、パヴォーネは息を切らせながらも、どこか楽しげに呟いた。	N	1020.gsc	304	冲进门，帕沃妮一边气喘吁吁，一边小声地开心嘀咕着。	N
1020	high-candidate	type+length+bidirectional-continuity	0.1023	216	218	Script/scr1020.binu8	109185	109189	が、それに対して傍らの反応がないことに気づくと、不審げに周囲を見回した。	N	1020.gsc	305	但，当她察觉到身旁没有任何反应时，疑惑地环顾四周。	N
1020	high-candidate	type+length+bidirectional-continuity	0.1424	217	219	Script/scr1020.binu8	109298	109302	@vv70114「……え」	D	1020.gsc	307	「……欸」	D
1020	high-candidate	type+length+bidirectional-continuity	0.0231	218	220	Script/scr1020.binu8	109326	109330	いっしょに駆けこんだはずの友人がいない。階段を上るせわしない足音は、確かに耳にしたはずなのに。	N	1020.gsc	308	本该一起跑进来的友人没有在这里。但是爬上楼梯的时候确实听到了另外的脚步声。	N
1020	high-candidate	type+length+bidirectional-continuity	0.0000	219	221	Script/scr1020.binu8	109472	109476	@vv70115「マコー？」	D	1020.gsc	310	「玛可？」	D
1020	high-candidate	type+length+bidirectional-continuity	0.0059	220	222	Script/scr1020.binu8	109503	109507	振り向き、上ったばかりの階段を見下ろしたが、そこにマコーの姿はない。	N	1020.gsc	311	回头望去，看了看刚刚爬上来的楼梯，却没有玛可的身影。	N
1020	high-candidate	type+length+bidirectional-continuity	0.0231	221	223	Script/scr1020.binu8	109621	109625	１０カウントを終えた係が、観音開きの重厚な扉を閉め、呆気にとられるパヴォーネの視界を遮断した。	N	1020.gsc	312	两名学生数完１０秒后，关上了对开的厚重的门，遮断了目瞪口呆的帕沃妮的视线。	N
